{"BL1": {"avg_home": 1.6673254281949934, "avg_away": 1.304055043185478, "avg_total": 2.9713804713804715, "draw_rate": 0.24871907480603134}, "FL1": {"avg_home": 1.4342266275085658, "avg_away": 1.0805188448360254, "avg_total": 2.5147454723445914, "draw_rate": 0.27563631913852177}, "ELC": {"avg_home": 1.428421773641162, "avg_away": 1.1234538055521979, "avg_total": 2.55187557919336, "draw_rate": 0.2737821830049559}, "DED": {"avg_home": 1.7545527682293571, "avg_away": 1.3164631024647115, "avg_total": 3.0710158706940685, "draw_rate": 0.2303079060922987}, "PL": {"avg_home": 1.5385857653708617, "avg_away": 1.1926404429576651, "avg_total": 2.731226208328527, "draw_rate": 0.24674126196793172}, "PPL": {"avg_home": 1.4094237503979625, "avg_away": 1.1077682266794016, "avg_total": 2.517191977077364, "draw_rate": 0.25294492199936325}, "CL": {"avg_home": 1.605204309819069, "avg_away": 1.1632445619028258, "avg_total": 2.768448871721895, "draw_rate": 0.22423256759503965}, "SA": {"avg_home": 1.4907917332859597, "avg_away": 1.1747498075442648, "avg_total": 2.6655415408302243, "draw_rate": 0.26783916622253806}, "PD": {"avg_home": 1.529418550992155, "avg_away": 1.1311721273650208, "avg_total": 2.6605906783571758, "draw_rate": 0.25005768343331797}, "EL": {"avg_home": 1.5417455061494796, "avg_away": 1.1136471144749291, "avg_total": 2.6553926206244087, "draw_rate": 0.23841059602649006}, "__global__": {"avg_home": 1.5251441800572612, "avg_away": 1.1681118919437252, "avg_total": 2.6932560720009864, "draw_rate": 0.25534596364333756}}